{
  "credentials": {
    "fcm_credentials": {
      "keys": {
        "privateKey": "pt0PnIxuGHPu7Pe7rBtsFoYFWF1QlIaB4yrQ8GJ31OI",
        "publicKey": "BJhGSeO8-SNm7If-3bxLuqrJNqk_x60nw4LbdwO7f0KsqkBCIKBR69itpMHxhjD_el5XRK9mx-lw6WvsY1NzrYE",
        "authSecret": "D8Vl9Q2IDijFikVhSl9jTA"
      },
      "fcm": {
        "token": "fvdHw8l7ZFE:APA91bEM7VPsE-4YGScDe_1bzFVdmWXhDmLlWQzlHFxRxTlCeBP1Dkp48bFf6TEWFGkXE8EuHu-at5NzxMdBYb4KZF5Ttl2esJQf5zDJn4LKomSvtnr10F-Sgv99i_faDZPuvSzrgJbd",
        "pushSet": "eUcatB76OBc:APA91bGKsmbN3FTIvNCnmy8s2aUZtOxnnKELUU3gxLBuYBJXEHGdnj5RlRJlFkIiloqyGLnvFZz-n-ruS1DyW682nb8xqhD8W4pbivLuDikrv7pXFlKLJXdLEiMoef6FTQHYzxxccYJk"
      },
      "gcm": {
        "token": "fBRDjBPuuGI:APA91bHbCXOsx9SibOv-mMcrzKld9vIaIrINiA-_dpsR3-ojOkhUCoibaQ1SJwOW_HZjfZA4P58BDL4L9K8VEO3wDJ9vhHzxo_Dtw6jj0LpKjrM4Mr2_yG1K2QUGTSDLkFs9jN5IBu9Y",
        "androidId": "5526583349681044954",
        "securityToken": "2152025289773714094",
        "appId": "wp:receiver.push.com#d2bbc803-731e-4fee-9a20-3ff95732f93a"
      }
    }
  }
}