{
  "firstTime": false,
  "generalSettings": {
    "prefix": "!",
    "muteInGameBotMessages": false,
    "showTrademark": true,
    "inGameCommandsEnabled": true
  },
  "notificationSettings": {
    "cargoShipDetected": {
      "description": "When Cargo Ship is detected, send a notification.",
      "image": "cargoship_logo.png",
      "discord": true,
      "inGame": false
    },
    "cargoShipLeft": {
      "description": "When Cargo Ship left the map, send a notification.",
      "image": "cargoship_logo.png",
      "discord": true,
      "inGame": false
    },
    "cargoShipEgress": {
      "description": "When Cargo Ship enters egress stage, send a notification.",
      "image": "cargoship_logo.png",
      "discord": true,
      "inGame": false
    },
    "patrolHelicopterDetected": {
      "description": "When Patrol Helicopter is detected, send a notification.",
      "image": "patrol_helicopter_logo.png",
      "discord": true,
      "inGame": false
    },
    "patrolHelicopterLeft": {
      "description": "When Patrol Helicopter left the map, send a notification.",
      "image": "patrol_helicopter_logo.png",
      "discord": true,
      "inGame": false
    },
    "patrolHelicopterDestroyed": {
      "description": "When Patrol Helicopter gets destroyed, send a notification.",
      "image": "patrol_helicopter_downed_logo.png",
      "discord": true,
      "inGame": false
    },
    "bradleyApcDestroyed": {
      "description": "When Bradley APC gets destroyed, send a notification.",
      "image": "bradley_apc_destroyed_logo.png",
      "discord": true,
      "inGame": false
    },
    "bradleyApcShouldRespawn": {
      "description": "When Bradley APC should respawn, send a notification.",
      "image": "bradley_apc_logo.png",
      "discord": true,
      "inGame": false
    },
    "lockedCrateSpawnCargoShip": {
      "description": "When a Locked Crate spawns on Cargo Ship, send a notification.",
      "image": "locked_crate_cargoship_logo.png",
      "discord": true,
      "inGame": false
    },
    "lockedCrateRespawnOilRig": {
      "description": "When a Locked Crate respawns at Oil Rig, send a notification.",
      "image": "locked_crate_logo.png",
      "discord": true,
      "inGame": false
    },
    "lockedCrateDroppedAtMonument": {
      "description": "When a Locked Crate gets dropped at a monument, send a notification.",
      "image": "locked_crate_logo.png",
      "discord": true,
      "inGame": false
    },
    "lockedCrateLeftCargoShip": {
      "description": "When a Locked Crate disappears from Cargo Ship, send a notification.",
      "image": "locked_crate_cargoship_logo.png",
      "discord": true,
      "inGame": false
    },
    "lockedCrateLootedOilRig": {
      "description": "When a Locked Crate gets looted at Oil Rig, send a notification.",
      "image": "locked_crate_logo.png",
      "discord": true,
      "inGame": false
    },
    "lockedCrateMonumentLeft": {
      "description": "When a Locked Crate disappears from a monument, send a notification.",
      "image": "locked_crate_logo.png",
      "discord": true,
      "inGame": false
    },
    "lockedCrateMonumentDespawnWarning": {
      "description": "When a Locked Crate at a monument is about to despawn, send a notification.",
      "image": "locked_crate_logo.png",
      "discord": true,
      "inGame": false
    },
    "lockedCrateOilRigUnlocked": {
      "description": "When a Locked Crate at Oil Rig is unlocked, send a notification.",
      "image": "locked_crate_logo.png",
      "discord": true,
      "inGame": false
    },
    "lockedCrateOilRigRefreshed": {
      "description": "When a Locked Crate at Oil Rig gets refreshed, send a notification.",
      "image": "locked_crate_logo.png",
      "discord": true,
      "inGame": false
    },
    "heavyScientistCalled": {
      "description": "When Heavy Scientists are called to Oil Rig, send a notification.",
      "image": "oil_rig_logo.png",
      "discord": true,
      "inGame": false
    },
    "chinook47Detected": {
      "description": "When a Chinook 47 enters the map, send a notification.",
      "image": "chinook_47_logo.png",
      "discord": true,
      "inGame": false
    },
    "vendingMachineDetected": {
      "description": "When a new Vending Machine is detected, send a notification.",
      "image": "vending_machine_logo.png",
      "discord": true,
      "inGame": false
    }
  },
  "channelId": {
    "category": "953704858576384061",
    "information": "953704859427819530",
    "servers": "953704860472193035",
    "settings": "953704861306867723",
    "events": "953704862389002343",
    "teamchat": "953704863441756260",
    "switches": "953704864343552020"
  },
  "informationMessageId": {
    "server": "953705982695997480",
    "event": "953705984579223552",
    "team": "953705986269544538"
  },
  "switches": {},
  "markers": {
    "168.100.161.48-28082": {}
  },
  "serverList": {
    "168.100.161.48-28082": {
      "active": true,
      "title": "Rusty Moose |EU Monthly|",
      "serverIp": "168.100.161.48",
      "appPort": "28082",
      "steamId": "76561199068303756",
      "playerToken": "-2091803888",
      "description": "Official Rusty Moose EU Monthly \n\nMap Wipes: Monthly @ Update \nBlueprint Wipes: N/A (doesn't wipe BP) \n\nBe sure to join our discord to get more involved with the community and stay up to date with news and announcements! \n\n https://discord.gg/moose",
      "img": "https://i.imgur.com/gxVuKdW.jpg",
      "url": "https://moose.gg",
      "timeTillDay": null,
      "timeTillNight": null,
      "messageId": "953705958201249862"
    }
  }
}